<?xml version="1.0" encoding="UTF-8"?>
<!DOCTYPE mapper PUBLIC "-//mybatis.org//DTD Mapper 3.0//EN" "http://mybatis.org/dtd/mybatis-3-mapper.dtd">
<mapper namespace="com.itheima.dao.ArticleMapper">
    <update id="updateArticleWithId" parameterType="Article">
        update t_article
        <set>
            <if test="title != null">
                title = #{title},
            </if>
            <if test="created != null">
                created = #{created},
            </if>
            <if test="modified != null">
                modified = #{modified},
            </if>
            <if test="tags != null">
                tags = #{tags},
            </if>
            <if test="categories != null">
                categories = #{categories},
            </if>
            <if test="hits != null">
                hits = #{hits},
            </if>
            <if test="commentsNum != null">
                comments_num = #{commentsNum},
            </if>
            <if test="allowComment != null">
                allow_comment = #{allowComment},
            </if>
            <if test="thumbnail != null">
                thumbnail = #{thumbnail},
            </if>
            <if test="content != null">
                content = #{content},
            </if>
        </set>
        where id = #{id}
    </update>
</mapper>
